"Individual"	"August_1m"	"August_2m"	"August_3m"	"August_4m"	"December_1m"	"December_2m"	"December_3m"	"December_4m"	"August_1t"	"August_2t"	"August_3t"	"August_4t"	"December_1t"	"December_2t"	"December_3t"	"December_4t"	"p.values"	"fc"
2	3523	2934	2065	3273	2747	2211	2354	3647	7161	6038	4651	6432	3620	3102	3243	4849	1.59822841039768e-05	1.52596391758724
3	757	1137	662	848	1332	1170	1433	1133	3591	4585	3081	3674	2622	2256	2405	2195	3.48687544027072e-05	2.35725363600112
4	530	660	467	646	83	130	102	70	5149	6410	5919	6953	5551	6505	6022	6437	3.27385972635396e-06	-6.01174915412376
5	454	550	428	646	832	1474	1160	1062	1840	2402	1793	2184	1875	3233	2595	2458	0.000336840780909248	1.76535961662955
6	795	953	623	646	1498	1517	1331	2089	3600	3158	3181	2728	2956	2730	2389	3750	0.000198998959192304	2.29356076713275
8	1136	1247	1753	1374	3122	4033	4539	4709	2862	2642	3507	2810	4248	4985	5819	5821	3.23389365407072e-05	1.68759300697887
9	2614	2861	2299	2061	6411	8456	7132	7329	5707	6114	5705	5396	9699	11474	10474	10546	0.00017436233404351	1.62405467585095
10	454	550	467	687	624	823	750	778	6888	5981	5773	6134	2763	4336	3541	3508	0.000584548988235208	2.43469949826456
11	1136	807	779	1172	3788	2818	2866	2018	3678	3321	2823	3092	5637	4598	4707	3347	0.000501350137348351	2.08453883730797
12	378	440	311	525	1082	1040	1058	1062	5119	4358	4156	3892	3560	3552	3792	2992	6.48947463433879e-05	3.25937546455734
13	1742	2201	2065	1495	1040	1821	1433	1168	4219	4991	5062	3494	8195	7885	6793	7587	0.000831531859692805	-2.376771408495
14	340	440	233	727	1373	1691	1535	1416	1326	1577	1328	2121	2372	2602	2526	2266	0.000820107571014247	2.36902997124504
15	1212	1283	1363	1293	541	1040	443	743	12628	14590	16046	17245	20045	25386	21127	24785	0.000467912112123929	-2.91546950850416
16	757	917	935	687	2581	1994	2627	1982	10379	9454	11003	8588	17801	12468	17519	14473	3.74314149451103e-05	1.77366715432435
17	151	330	311	282	707	780	955	708	5828	6473	7603	6287	5947	4972	5862	5324	3.66445711177107e-05	3.55217579686121
18	3674	4145	4715	3718	2331	3599	3174	4001	29877	38382	36271	32335	7594	8237	7347	9197	6.482909243495e-05	3.32733600312079
19	151	293	116	161	416	823	750	814	2296	3089	1916	2377	1455	2080	1896	1805	6.89088846728336e-06	5.21334534232895
20	1250	1210	935	889	2497	1474	2218	2195	6907	6022	6362	5488	8136	4593	8008	7269	3.64013123840978e-05	1.75439621987404
21	681	513	506	282	541	563	477	460	2137	1450	1677	1458	666	758	546	690	0.000174499556585069	2.67595874134644
22	4925	5209	4910	5416	4995	5421	5938	4567	12042	12030	12244	11774	19592	18070	20267	15696	0.00012664706949701	-1.49518672340813
23	833	623	1130	1091	791	823	887	672	2596	2711	2472	2791	1061	953	1057	849	0.00165706451278356	2.35078658622448
24	151	220	506	444	3164	3339	4334	2266	8914	8152	8586	6175	10273	8105	10494	8122	5.21929830063419e-06	8.01761752890956
25	1932	2017	2455	2505	1998	2818	3071	3151	9565	10906	13639	14238	19032	26847	24186	25010	0.00133627568851294	-1.60472455634877
27	454	220	350	282	1207	1127	1740	1451	14207	9569	10020	10881	16315	11505	15680	14094	0.000187464697015978	3.28547900458829
28	416	220	896	363	707	780	682	424	928	660	1519	1092	790	802	750	460	0.00199991115188738	2.19777893169475
29	227	110	116	121	416	433	443	318	9883	7860	7306	8083	8858	8031	8873	8386	0.000456447823831018	2.7717318391253
30	719	330	233	363	1124	737	819	1062	5216	4522	4676	4229	4496	3336	3470	4149	0.00143502732802597	2.88070962294962
32	909	1063	1247	1172	2497	3816	3754	2761	2859	3534	2886	2725	3790	5115	5512	4301	0.00220246535276615	1.85329007505204
33	644	366	428	242	1165	780	682	601	2104	1930	2122	1112	2290	1689	1636	1291	0.000257444974005285	2.04123737172567
34	113	183	233	161	1165	650	1228	885	549	531	623	404	1768	1040	1757	1257	0.00200979119856975	2.06913034318645
35	1515	1687	1208	1091	2497	3079	2935	3647	15785	17577	13727	14550	12067	11707	15951	14588	0.000288708611380653	2.5150215999584
36	7956	6823	6352	6224	1040	477	170	424	10665	8781	8402	8200	2081	910	494	849	0.00190577385051525	-1.62840374452698
37	189	110	77	202	291	390	580	354	1932	1897	1812	2464	1267	1172	1638	903	0.000264285617763618	4.49816528301894
38	2424	2898	2260	3233	4829	7762	7132	6692	12761	11500	12022	12882	11693	13837	15921	14088	2.27397177646527e-05	2.15807563421964
40	454	256	311	485	582	867	989	814	3418	3131	4212	3109	1955	1885	2590	1893	0.00078490308737825	3.50860897957776
41	227	146	194	80	1373	780	716	531	2470	2223	2292	1107	4770	3279	3349	2825	4.75901816657287e-05	2.95601587566395
43	1742	1504	1558	1212	2081	2125	2662	2691	5907	5529	5627	4773	5392	5273	6383	5665	0.00158185480352888	1.52598770249452
44	1326	1283	1169	2142	5204	6331	7440	8002	4787	3798	4462	4687	8517	9652	10720	11563	0.00123766158759446	2.02102982896924
46	530	843	857	848	999	1691	1160	1062	1422	2202	2435	1677	1415	2146	1689	1629	0.0021461064430253	1.7622245621636
47	795	733	935	1091	2456	2602	2081	3045	6120	6270	7032	7739	10408	11167	11133	12229	0.000556010476252991	1.72807236093903
48	303	146	77	161	624	433	477	672	568	403	234	303	665	455	546	866	0.00294817911203377	2.02305467245889
49	606	770	779	727	2081	2471	1774	2089	7872	7407	8204	7994	13343	13079	12155	12975	0.000149211175097381	1.77652634941265
50	3826	6749	7949	9457	2040	2862	2866	2195	8055	10851	12740	13747	8831	9029	9399	8711	0.000134194121380794	-2.17248838576704
51	189	110	194	242	416	520	341	318	2015	1393	1679	1515	1786	1845	1464	1239	0.00257310046382924	2.27489203283547
52	416	366	506	282	749	520	955	778	2193	2038	2042	1373	2165	1581	2353	2284	1.56500060711768e-05	1.72991797032007
53	2197	1724	1247	1050	1790	1257	1638	2266	6866	5785	5854	4434	3784	2687	3872	4443	0.00104865148187662	1.76796356157836
54	530	330	233	242	915	867	1058	920	1532	1191	1053	1194	1892	1777	1808	1629	0.0044744547931918	2.03199230909886
56	75	183	116	121	208	303	170	141	1037	1503	1016	1027	748	803	682	406	0.000164358692600579	2.93854982004743
57	947	256	818	282	4704	3599	3583	3363	1703	879	1343	585	5164	3817	3788	3593	0.00511150026733783	1.96909438158535
58	151	183	116	242	416	390	443	318	15154	15285	14613	17322	15419	13939	16432	15933	0.00348706621881492	2.30554103097853
59	303	256	233	404	666	563	1023	814	3124	3423	3340	3425	4061	2777	4632	4308	0.00347018744607917	2.16100528592438
60	1288	1173	1247	1374	2289	1778	2047	2938	20446	20239	17082	22528	21602	16312	18283	21142	0.000667862520582827	1.81909835969187
61	568	990	584	404	1790	1127	1262	1593	1324	1834	1343	1513	2207	1517	1604	1964	0.00579052623613382	1.91935031785008
62	1629	3044	2104	3435	791	1214	1433	1557	2688	4530	3640	5135	2559	2843	3412	3631	0.000946012900767182	-1.59834271923908
63	75	220	155	282	374	433	341	460	5412	6114	5567	6579	4257	4425	5018	5114	0.00249511461074382	2.93119214133319
64	1818	1540	1519	1535	1873	1474	2354	1947	12717	11672	14072	11377	25317	23782	27704	25965	0.00278710919841053	-1.74164217899347
65	227	293	311	242	666	997	409	354	1249	1063	1150	808	1229	1322	733	620	0.000368421185678562	2.37547468278462
66	3637	3264	3429	4486	6369	8456	9112	10020	11732	10234	10487	12567	14987	16421	17937	18420	8.10521873443995e-05	1.51282529033981
67	947	953	1363	1212	166	563	341	177	18943	13822	17486	14609	20816	18792	22752	19671	0.000245800701792709	-4.69880858043377
68	189	146	194	404	749	823	648	672	1382	1612	1443	1734	2141	2209	2065	1770	0.00281248205058891	2.4555309456221
69	454	623	545	767	83	86	238	141	4248	4422	4071	5019	3469	3771	3228	3727	0.00119942917046402	-3.54963913280748
70	378	513	467	323	374	867	409	778	3294	3378	2373	2468	873	1235	886	1327	0.000190144831729674	3.60141363708045
71	719	1320	701	1657	5453	7849	7883	8356	2214	2858	2087	3114	7617	10947	11041	11322	0.00262072058251084	1.77010308317935
72	985	733	896	767	2206	1647	1672	1522	23453	18812	19917	17453	25362	15547	19003	21750	0.000896311738755616	2.03508186611475
73	75	330	194	282	499	780	784	920	2164	2620	2466	1861	1746	1951	2783	2585	0.000907845855493164	3.62828590985067
74	606	330	155	363	666	650	1399	991	2386	1448	2164	1715	1311	1344	2013	1576	0.00588988743202835	3.04108508146089
75	151	183	233	161	291	433	375	424	851	1541	994	1029	749	1214	1226	1081	0.00502662215455718	2.11803932701203
76	871	990	896	1778	2248	2125	2150	3434	3723	4344	3734	5438	5144	4775	5388	6869	0.000166644307818742	1.73955264626079
77	416	440	467	646	208	346	307	247	6831	6772	8062	7608	9050	9912	10591	10327	0.00118035391929294	-2.40180003881499
78	1326	1210	1169	1091	2123	3512	3515	3930	5919	6439	4996	6778	5707	7965	7559	6919	0.00220974726678437	2.25428306285548
79	303	440	350	363	666	650	955	708	1436	1889	1364	949	1311	1236	1776	1487	0.00450974229258535	1.92150957828445
81	1477	1137	1247	1535	1498	1691	2252	1522	4925	4622	4601	5333	9669	10067	10726	10357	0.00334550470863508	-1.62996292627938
83	2993	3484	3312	4567	6286	9107	8327	8533	16178	17963	16986	17235	19403	21632	23457	21658	0.000523642254435633	1.78641756776102
84	189	183	77	202	333	390	273	318	1058	1338	999	1092	1185	1147	834	1098	0.00990760012533285	2.18469048872214
85	75	293	272	242	874	867	1023	495	2612	2551	3409	3514	3179	3722	4015	2832	0.00339014125418786	3.25449259032059
87	416	256	545	202	1582	1084	1604	1133	3688	3131	4295	3157	7062	4425	5749	6059	0.000246184343575263	2.45862729023807
88	227	146	194	161	291	346	307	354	8743	6114	6718	5389	6938	5687	5906	5804	0.000695024054950898	1.96022678141831
89	568	623	389	444	582	520	784	531	4118	3426	2803	2813	2331	2186	2556	2159	0.00341557421410311	1.68261073565856
90	568	366	233	444	1082	520	750	495	2559	1982	1771	2137	2620	1626	2201	1520	0.00126742649504633	1.88909498800995
91	151	220	350	282	249	520	443	460	851	714	1323	1109	540	1365	1006	1043	0.00833152087482083	1.72276656938321
92	151	256	506	242	249	477	375	212	661	879	1498	1049	3286	3910	2865	3600	0.000142000589317997	-2.87645903045506
94	947	476	935	646	249	433	614	354	2460	2384	2180	1637	333	715	767	495	0.00107571936170104	2.09521590044002
96	227	146	116	202	457	303	307	424	5828	6114	6153	5181	5204	4216	4799	4380	9.61139683974167e-05	2.70788247859138
98	1704	1760	1480	1414	4246	3946	6211	8002	7679	8345	8867	9246	12563	11641	16389	16989	0.00448867500778143	2.00778811978211
99	1250	807	1091	1293	2706	2602	2423	2513	10685	8677	10803	8981	15289	13552	14338	13443	0.00284029478028533	1.60776915980223
100	189	183	155	242	1040	390	887	672	3157	2321	2783	2921	4180	2849	3909	3044	0.00176830935809768	2.89616246280044
102	1022	1173	974	808	2289	2515	2423	3115	5039	5485	5473	4840	6343	7885	7997	7263	0.00209686316479921	1.83503947474109
103	151	220	350	161	249	216	238	354	1968	1667	2262	1188	1206	888	1090	1573	0.00398896718895762	1.82577181325971
104	303	220	311	242	666	910	784	1133	2444	2096	2494	2184	3330	3252	2833	3293	0.00124667718700222	2.30901104333315
105	1136	1760	857	1980	3164	4206	3720	5523	2237	3486	2477	3536	4224	5900	5173	7009	0.00302770536898919	1.56476340719277
106	416	366	389	323	791	1127	1228	601	9261	10789	8856	11548	10013	12124	11813	8984	0.000262741509415788	2.27615956870037
108	719	403	506	606	1706	1778	1774	1133	5105	5044	5332	4330	6882	6068	6573	5810	0.00834941974948616	2.18996316708461
110	303	440	311	727	582	780	511	708	1722	1922	1658	2607	1787	1996	1450	1825	0.000544466527142504	1.68087116377578
111	303	440	467	202	707	867	648	708	1436	2038	2687	2127	2063	2344	2168	1878	0.00982904701183701	2.04023234245643
112	378	586	194	282	416	433	546	318	966	1227	836	968	666	693	853	495	0.00745446863079515	1.85917574726936
114	7690	6272	8105	7315	7951	6288	7406	10126	12227	10166	11955	11152	14780	11433	13441	17310	0.00085125411974863	-1.1599798621565
115	530	403	662	687	1082	1127	887	778	3120	2620	2548	3271	3351	3316	2881	2353	0.00755168417385367	1.66135423816227
116	3220	4108	3546	3718	3372	3339	3856	4036	4770	5963	5575	6187	6120	6828	7503	7420	0.00495857261506066	-1.23889892605173
119	530	513	623	606	124	216	136	424	10007	8704	7250	8305	13877	10842	12410	11802	0.0012320597043442	-3.75953353103607
120	1022	953	311	687	2414	1604	1331	1805	1760	1779	936	1537	2850	2148	1825	2194	0.0026473563170106	1.67914036915274
122	227	256	350	404	624	693	375	601	5982	4755	4496	4989	4397	4155	3322	4492	0.00921414600996045	2.22811129173618
123	1098	1283	1247	1535	1415	650	1194	1310	4971	5095	4485	5085	9374	7564	8181	7798	0.00349300500801432	-1.93656972724188
124	1780	1027	1363	1333	1373	954	1774	920	3334	2877	3351	2887	2041	1538	2424	1433	0.00293918443376957	1.52570802797599
125	530	440	623	485	499	997	580	531	2444	2717	2900	2836	1435	2298	1946	1594	0.004713232910659	1.83125193321926
126	985	476	1091	687	1540	1040	1877	1912	7296	5815	5803	5823	5970	4248	6926	5794	0.00369007945553522	2.15363247072773
127	1704	1834	1909	1576	1040	823	1365	1203	100287	101900	127300	78816	130103	91555	105012	120387	0.00674548828282093	-1.75476009996063
129	227	293	311	363	416	390	307	283	5412	5754	5469	5963	13010	12197	15358	13488	0.0101144164843122	-1.9984975784503
130	644	366	389	323	166	173	375	141	26836	17468	27835	16167	33306	24781	34129	35408	0.00739908133688233	-2.8678172998319
131	340	403	116	323	291	520	716	495	1230	1467	899	1193	749	954	1261	902	0.0110586763734967	2.1636954930513
132	985	733	701	606	1124	563	1023	956	11454	11287	10628	8915	7699	3416	4046	4877	0.00149830239125247	2.57679836167205
133	151	293	272	121	957	216	511	495	4209	3912	4471	3190	5148	2105	3302	3177	0.00708088551111446	2.76535132644798
134	454	440	116	242	749	823	887	849	2154	2201	1885	1595	2557	2191	2201	2266	0.0186758182718415	2.3882954214041
135	75	183	311	242	749	433	341	460	1037	935	1189	989	1687	1106	870	1009	0.0189568018136193	2.28971666246195
136	189	256	272	282	374	693	580	106	1214	1172	1091	1010	458	737	648	229	0.00186790771262786	3.26156904540355
138	189	293	116	242	1124	1084	546	672	12628	13974	9742	14265	25547	23569	16060	23198	0.000767289121800996	2.33942947654597
139	492	843	428	444	749	780	614	778	4358	6591	3402	4832	2938	3548	3530	2812	0.00543690449595699	1.97920062750774
140	530	660	740	485	499	650	409	460	10400	9045	10428	9898	21721	18586	18615	17048	0.000756018550797624	-2.26564739665994
141	568	843	545	323	3830	1127	1979	2903	1362	1302	1111	525	4433	1495	2320	3310	0.00969853031318469	1.55809242934424
142	530	256	194	323	707	737	921	1062	25257	19752	24356	17018	25277	19401	28796	27236	0.00858428320580944	2.30277788349232
143	265	183	194	202	416	303	443	318	6630	6793	6089	6124	5863	5621	6622	6373	0.000328864996391215	1.83186397763021
144	303	146	389	363	457	607	614	531	7577	6987	7793	6995	6106	6391	8301	5710	0.0137832830000684	2.10981545034485
145	113	220	155	161	208	216	273	247	1748	2057	2106	1971	1565	1762	2116	1641	0.00692995007185035	1.64531715446897
146	378	220	350	242	499	563	955	637	15785	20009	20630	17322	9251	10842	14053	6570	0.000414326668201788	3.95120906372814
147	189	110	155	202	457	216	443	531	1023	809	1012	1010	1375	911	1212	1521	0.000323593210439305	1.90452375891227
148	151	73	116	121	457	346	511	212	2444	2223	2125	1496	2973	2409	3065	2124	0.0100718062722693	2.43074623988016
149	340	330	233	404	333	693	648	566	1608	1701	1612	1698	1125	1430	1434	1345	0.00532481764815689	2.06615710656083
150	681	623	623	646	791	823	784	708	2783	2821	3247	2099	1977	1995	2357	1806	0.00156620887938034	1.60896329136999
151	227	110	77	242	249	867	307	531	1567	2501	1367	2287	957	1560	853	1292	0.000972770709552659	4.19082738603692
154	303	366	272	363	499	1040	682	672	5317	5916	4471	6613	6843	9819	6965	7233	0.000865061380608129	1.56980783041186
155	947	1173	1636	1616	1873	1821	2150	1876	4247	5360	5383	6032	12407	12475	12798	11656	0.000167565332792719	-1.60940504655061
156	454	366	389	323	291	216	307	389	8266	7192	9504	7348	10049	9035	10238	11128	0.00758516071292755	-1.6117153634399
157	378	733	974	727	83	303	409	141	5740	6609	7111	5087	9251	9199	9524	7868	0.000137652027762485	-4.70613450998559
158	340	183	116	161	666	433	409	354	3310	3334	3542	3759	2494	2344	2767	1945	8.7757070815599e-05	3.52534061507751
159	719	1393	662	970	1373	1431	1296	1203	6790	8104	6559	7029	5772	4884	6357	5079	0.000183225612967937	1.90161681922496
160	1363	1393	1792	1980	3372	2471	2832	2974	8973	8935	8536	7228	8473	6609	8880	6410	0.00213288687967927	1.98774845667321
162	189	146	233	323	208	346	136	177	1082	752	1243	1070	437	628	375	442	0.00533566406080162	2.07602671949097
163	530	586	389	202	874	390	443	708	8160	7246	6285	5774	5568	3147	4108	4141	0.0110703939452394	2.28280806769692
164	454	623	428	687	1248	1214	1604	1664	8914	7336	7938	6871	10322	7885	11623	9675	0.000509961491912168	2.07345909326725
165	681	550	506	485	291	216	375	424	2653	2512	1948	1858	2276	1902	2133	2213	0.00212093977879067	-1.66194558901348
166	1250	1980	1675	1374	791	910	784	531	9125	11384	9686	10571	8415	8355	10194	7587	0.00129806469410923	-1.75970069863128
168	757	513	467	485	1207	1691	2218	1416	8810	7443	8062	8818	10877	11911	13204	12209	0.00534733446624757	1.9813555027387
169	340	330	311	485	249	260	307	424	1326	1100	936	1234	416	520	682	690	0.00363910602091179	1.68356638425727
170	795	953	779	606	374	433	750	283	6521	6577	5607	6186	8921	6285	8833	6157	0.000920104500477388	-2.13053192434095
171	113	293	77	242	416	650	511	637	1495	2096	1590	1719	2040	2733	2611	2479	0.00392443805109015	2.34020727070706
172	189	293	116	242	333	303	238	460	4405	4891	3896	3514	2752	2734	2437	2859	0.000493600992873818	2.47362630210786
173	227	183	116	161	374	520	375	637	18943	15285	19484	16167	14987	14065	15642	14485	0.000488910161584091	3.19878030146752
174	75	146	77	80	291	216	273	354	1377	1287	1367	1418	1787	1455	1161	1433	0.00663324901428341	2.75202006101747
175	681	513	389	848	249	390	375	424	3627	2821	2278	3315	811	1172	887	1344	0.00752384127571207	1.72059493187381
176	303	293	272	282	208	216	204	212	25257	22574	22732	17683	29738	21684	29253	26556	0.00160396627572714	-1.66038849302759
177	530	696	545	444	124	390	477	106	19644	17424	17049	17100	24979	24394	28106	21244	0.00216799362868499	-3.20174292006094
178	1856	1467	1169	767	2164	2298	1808	2159	29006	23667	21649	18284	23031	22534	24778	22039	0.0050150821149929	1.65199710431864
179	606	440	935	970	499	910	511	778	4041	3550	4390	3702	1332	1603	1418	1734	0.00721670838171762	2.32527923211525
180	340	366	350	242	333	260	170	389	3747	3460	2805	2724	5645	5204	5171	5644	0.0186372165405398	-1.94521302251895
181	947	990	896	1050	541	1431	1672	1168	2422	2896	2455	3713	1125	1885	2269	1912	0.0042502732951347	1.84626038689953
182	1401	953	1052	767	999	780	887	991	22250	20293	22386	17859	34455	24394	29578	33047	0.00247435945481773	-1.63306741648164
183	151	403	428	363	915	433	682	672	2568	2726	3375	2491	3271	1953	3313	2899	0.0247467322472872	1.99767084953142
184	568	733	584	687	499	823	546	743	1686	2145	2222	2544	2887	3646	3640	3774	0.00106702031091293	-1.62362948297677
185	1098	733	740	404	416	86	102	247	3148	2421	2509	1636	2040	1470	1599	1630	0.0093875218703158	-2.67101261693291
186	189	256	311	202	249	346	238	283	5740	5349	5375	5943	2575	3125	3024	3934	0.0036381457389874	2.07404836668596
187	719	843	311	1091	1040	1040	1194	778	6665	6343	4723	5683	3957	3423	3878	3606	0.0197570741892347	2.21656555305493
188	454	220	233	282	333	563	273	460	1156	973	916	1414	750	780	494	743	0.013380157674952	2.15018925222014
190	75	110	77	80	624	260	477	743	15154	13756	15587	13472	15231	12390	16476	14299	9.28983675377376e-05	5.35274302841915
191	719	1063	857	1212	1915	1908	1774	1522	6259	6776	5133	6155	6426	7067	7922	6164	0.0162993982516379	1.63956992508711
192	1363	953	818	687	1998	1344	2252	2230	52458	41468	38969	40418	52589	43368	60879	47461	0.00972679659333913	1.74268292662596
193	568	476	740	525	749	693	682	566	6314	5481	5525	4452	4743	2689	3204	2750	0.00316491973188641	1.93151312529503
194	378	293	350	444	249	173	443	177	5412	4514	5480	4940	8326	6424	8371	7081	0.0102568984932016	-2.15780242476553
195	378	256	584	404	1207	1301	1467	1168	1137	1172	1461	768	2081	1755	2064	1539	0.00817942689150447	1.9423056905914
196	1439	1137	1052	1576	2081	4250	2935	3186	3788	3081	3076	4306	4097	5878	5167	6104	0.00206193532520469	1.57471942213861
197	265	403	389	646	1207	2081	1979	2230	7800	8070	7352	6953	11076	10105	12144	14299	0.00161792818445464	2.79902387903321
198	4243	4402	3624	4163	4288	3859	4675	3257	10079	9696	9613	10007	11748	11521	14475	10407	0.00232825417775464	-1.24735003944975
199	644	513	974	1091	208	260	238	177	4381	3378	4408	3815	3784	3771	3619	3688	0.00106207197447694	-3.19137162113765
200	719	623	818	282	1457	1474	1331	1345	2499	1741	2279	1473	3202	2666	2750	2850	0.00597680953810464	1.67264508588771
201	113	293	194	444	791	867	750	885	4371	6244	4871	5928	6938	8761	8938	9220	0.0138099631650671	2.15754058573161
204	303	256	116	404	832	867	546	920	1814	1337	1113	1232	1892	2060	1533	1984	0.00400984190561297	2.24544543278448
206	303	146	428	161	1124	607	887	743	6061	4733	4710	4145	8326	6459	6987	5633	0.00388371169515848	2.42968489298165
208	492	513	1052	1374	166	173	136	141	1023	1246	1636	2202	457	716	750	671	0.0108729338397028	-2.15237542829927
209	378	183	272	202	1124	954	784	1062	2630	2512	2392	2000	5109	5483	4757	4940	0.00274415853359449	1.8167723588803
210	9016	12289	9625	11236	6244	4943	5016	6373	15573	19662	16123	18420	12876	15027	14212	12849	0.0123261287708409	-1.46825975635643
211	644	330	389	282	291	216	614	389	7759	5692	6494	5052	14571	12755	13961	12982	0.010675926448736	-2.35221394794667
212	151	220	77	161	457	520	273	566	13776	13756	19484	16167	7507	7434	7584	5609	6.4379111387523e-06	6.57818953007838
215	151	146	155	444	249	260	204	283	5828	5434	6777	5169	1643	1858	2381	2162	0.00270356770552109	3.34677883299353
216	757	1027	1285	1131	499	1517	1194	247	2725	3762	3932	4286	6244	7905	6985	7745	0.013866019618896	-2.69756594670302
218	719	366	389	242	624	303	511	389	6427	4891	5730	3975	4336	2371	4062	3192	0.00213570947672119	1.67277026689378
219	530	1063	1169	485	124	130	102	106	1346	2497	1849	2245	1469	1832	1896	2414	1.25503773135823e-05	-6.10579678268536
220	227	73	155	242	374	433	546	743	1683	1746	2135	1823	2165	1927	2084	2529	0.011890717072605	2.55503641284654
221	644	330	428	1010	1207	1647	1331	1380	3111	3475	3199	4141	3869	4140	3707	4761	0.0267985552335289	2.03330522610353
222	757	733	974	1010	749	346	580	1026	3826	3861	3896	4635	1498	1192	1074	1823	0.00100921780606828	2.14669145970982
223	151	146	272	161	499	260	341	531	4329	3412	4133	3109	3162	2739	2403	2481	0.00121389199976939	2.998286927725
224	265	330	428	363	874	607	409	849	2851	2038	2198	2165	2665	1927	1757	2124	0.0126481622473479	2.05183965046312
225	189	366	233	161	249	390	136	177	2630	2911	2817	1837	6405	7096	5688	5058	0.000652631369112883	-2.42716970094246
226	606	403	545	444	582	477	614	601	5942	7205	8393	7800	3885	3223	5206	2936	0.00567103877352387	2.1956329886635
228	454	586	896	444	915	1040	1126	1133	7332	7622	8874	8388	8326	7767	9082	7171	0.0123149808497425	1.80796941952528
231	265	403	623	363	707	997	1160	1168	2173	1978	2847	1332	2457	2512	2730	2762	0.000441773720523946	1.91906336100374
232	113	256	155	161	166	563	477	247	2706	3292	2734	2887	1060	1475	1264	1131	1.78050098580848e-05	4.66763449865864
233	303	220	311	242	124	173	170	106	6448	4784	4723	4755	5430	4448	5884	5590	0.00785163556156384	-1.93628452208653
234	681	990	701	848	1040	1691	1194	1416	3326	3946	3578	3722	3079	3382	2797	4510	0.00170884281535952	1.76571356787351
235	454	440	740	323	1706	1734	1808	1062	16838	14200	16096	12436	23383	19491	22059	22600	0.00100742436759437	2.2201762223607
237	1477	843	1169	970	1956	1344	1740	2230	16983	15624	21256	19796	11245	10842	13814	9783	0.00204662735424809	2.58649182948535
238	492	586	428	485	791	737	511	849	6156	7071	5953	6736	3803	4468	4740	3916	0.002351626212744	2.17552827834822
239	340	513	233	202	915	1084	887	637	6958	5770	6680	4811	6991	4138	4695	4585	0.000232327458208279	3.38320685357716
240	1401	1247	974	1293	4163	2949	7235	3647	5454	5090	5323	4325	10129	8425	13755	9303	0.0164005033296454	1.69381608183735
242	189	586	272	121	249	303	341	531	757	1155	1108	830	437	455	613	708	0.0138190206811622	2.31923535060094
243	265	366	272	282	457	216	238	460	1210	1045	1384	909	790	542	545	937	0.0151682260261677	1.77937322479736
244	530	953	389	767	1415	1778	1023	1274	15600	17341	15587	12799	9830	10908	12335	12746	0.00178672946410085	2.80786813470831
245	416	110	116	242	374	650	375	283	2042	1342	1646	1276	1082	1711	1483	1026	0.0120389290475592	2.40845465809719
246	5834	3961	4988	4931	2747	2125	3310	3363	71152	51452	63140	45658	70456	48296	60191	51750	0.000738416790685903	-1.71738032604072
247	227	146	116	282	333	520	819	672	22731	24456	29227	31436	27755	28912	39004	26910	0.0120467853380657	2.54583191127286
248	227	330	311	202	499	260	375	495	2392	3439	3086	2846	2356	1782	2681	2155	0.0099128172457497	1.94288842700839
249	265	366	272	242	333	260	307	177	1418	1157	1245	1554	686	781	715	478	0.0163756608635444	1.85308569818587
250	1932	1724	1558	1778	2539	2471	3481	3788	33313	24630	33886	25774	33861	26869	34811	38659	0.0116027168858605	1.50709771002786
251	416	330	740	404	791	520	648	920	18943	15007	16827	12630	14648	9819	13509	13538	0.0120914749487011	1.88963282952985
252	75	366	77	80	249	346	170	177	851	991	756	646	624	736	426	336	0.00635166812301825	2.89430561944022
253	340	366	350	363	749	1040	750	389	5014	7192	5749	5596	5634	6758	7219	4476	0.00727902632871887	1.899227082753
254	681	440	467	687	999	1994	1672	1522	2479	1686	2435	2684	3202	4164	3581	3996	0.0155004079968	1.64252457237952
255	227	330	350	646	707	954	648	743	2085	1775	1855	2120	1912	2213	1995	2071	0.016124626633677	1.94897379533219
257	75	110	77	80	208	173	68	212	1098	1375	999	1049	791	889	564	742	0.00294016903588048	2.68687708881531
259	227	183	155	242	416	910	853	708	2296	2264	2687	2245	3330	4357	5469	4291	0.0110476785481341	1.88889430031551
260	340	330	233	444	666	737	648	283	2889	3588	4102	4194	2752	4118	3748	1953	0.00461782157747545	1.9970739230724
261	378	330	311	404	333	216	238	247	14571	13756	11990	11227	15860	18070	17064	16523	0.00516355227181973	-1.80819456360954
262	606	660	467	727	2206	2949	1979	1664	9325	8575	10875	8872	17512	16203	17363	14223	0.00218417766750477	2.02289669909582
263	568	293	623	525	457	346	341	389	5798	4891	5375	5838	8979	8068	10037	7637	0.00812230067465439	-1.97703194204263
266	833	366	740	848	499	1561	1194	849	2083	1394	1771	1635	895	1885	1382	1274	0.0177747760943776	1.8158883391219
267	189	403	272	242	666	607	1058	743	4405	4981	4133	3149	6225	4531	5211	5058	0.00148346674267957	2.19925083075883
268	1439	1173	1052	970	1248	823	1296	1203	3808	3172	3940	2526	5161	4336	5026	4933	0.0178331457003067	-1.48465666637016
269	189	440	389	323	749	563	784	708	2228	1782	1891	1532	2334	1842	2336	2248	0.0321152492086836	1.79210381032472
271	454	220	311	323	582	693	887	1133	7332	7100	7422	5774	6405	7009	7098	6437	0.00267659640479092	2.51525179311269
273	2273	1577	1714	1697	957	823	819	637	4225	3482	3679	2952	2892	2209	1945	1593	0.0127377447990254	-1.33068164999449
274	113	220	116	242	124	130	136	70	11365	12947	12989	16167	20816	21684	22752	23605	0.0130059131986595	-2.3456192397224
275	189	183	350	282	416	520	443	637	3157	2478	2997	2619	2554	3912	3059	3268	0.00808268375326597	1.79875843889732
276	3674	2824	3663	3031	2456	2645	3720	3257	14244	13016	16726	13472	17545	19309	21628	15968	0.016362452278364	-1.41791593178045
279	1363	1907	1675	1697	499	303	1092	389	4639	4552	3933	3902	2938	1817	3339	2251	0.0055803903522027	-1.91573933248159
280	1136	696	1169	1091	1332	2125	1808	2691	4289	3168	3388	4087	3330	4118	4915	4848	0.0202919652281044	1.65531494418445
283	871	476	701	1050	541	693	716	106	1344	714	1051	1494	1061	1236	1636	389	0.0293792872561281	-1.53498524349323
284	303	366	272	444	999	780	989	1097	8419	8947	8524	9459	16116	15306	16775	13894	0.00193866044211571	1.60372601481039
286	1970	3301	2766	4243	1706	2125	1399	1664	15272	17750	16567	18695	20320	17276	21201	16477	0.00283435270230762	-1.89155022809385
287	492	476	194	202	915	1604	1365	743	5727	4076	3976	3962	6188	6147	7073	5128	0.00193097549178838	2.50832125274301
288	113	183	77	242	208	303	238	354	664	917	875	1073	727	954	904	903	0.00349229205918435	1.89780918319325
289	530	440	467	485	374	563	580	885	3512	3213	3597	3415	7347	5812	5632	7974	0.0391648108083672	-1.58942333196122
290	113	183	77	161	666	563	307	460	2319	2015	1528	2650	3098	2193	2718	3196	0.000604716572043894	2.83259062856034
291	454	403	506	323	416	303	170	283	10572	11209	11257	10430	13430	15977	13126	12315	0.0200188525959893	-1.83348309843651
292	340	476	428	727	1956	2645	1569	2903	1230	1740	1498	2224	3557	5116	4845	5184	0.00710886035866061	1.63629389287471
293	189	183	155	242	208	260	341	106	397	476	292	585	249	346	358	194	0.00101416079812205	1.70652369391307
294	1856	1687	857	848	1998	1604	2593	2018	15866	14547	14054	11317	12568	12343	17292	13919	0.0225064026353575	1.62222899621745
296	1591	1944	2260	2142	2456	2688	3515	1947	11874	16760	13217	19835	11267	14534	16125	11661	0.000627959865525574	1.50086881785241
297	265	293	311	242	582	477	614	637	8036	6669	6927	5774	9107	9541	9451	7772	0.0102513445472444	1.57328683256193
298	227	146	194	242	124	260	170	106	12628	12228	11461	22046	24979	23655	28440	26556	0.014751163370832	-2.25735503899558
299	265	256	77	242	582	390	614	920	3489	3378	4102	3277	4625	4289	4550	6137	0.0441303062891133	2.14953434723696
300	227	440	428	282	166	216	102	283	2206	2786	2765	2460	2686	2744	2625	2920	0.0243944550803811	-1.93167857589116
302	227	220	233	161	582	477	375	247	3988	3100	3963	2887	12143	9735	12514	7995	0.00681480549014277	-1.55676711911608
303	795	550	389	646	541	303	477	424	11365	11229	10255	8622	18663	15977	16476	13706	0.00353886318173371	-2.08392813114683
304	568	807	545	485	624	780	682	566	5166	5604	5005	4755	3431	2945	3482	3585	4.54463441013321e-05	1.71653014316122
306	2424	3778	2727	3273	1706	1604	2491	2336	7624	9763	8687	8394	7939	9494	9437	7948	0.0195223716511965	-1.51121901687404
307	378	440	428	727	291	520	409	424	4457	5002	4871	5272	7472	7767	8532	7725	0.00376091541952541	-1.88852208511591
309	75	146	194	121	249	433	375	318	1647	1371	1948	1212	1643	1235	1057	1524	0.000208083874347614	2.99297860988564
310	303	293	272	121	166	216	341	141	21649	12759	15154	13472	41633	36140	42661	35408	0.000477556491738986	-2.8517588087358
311	416	476	194	444	1248	607	887	708	4682	4007	3542	3087	5836	4020	4286	4266	0.0408086158756422	1.84678957418335
312	530	366	311	565	249	130	341	247	15154	16674	13554	14891	16653	18586	20075	15491	0.00410383547314095	-2.16305193672424
314	871	476	467	646	333	1040	1092	708	6268	6532	5634	6340	2686	3690	3604	2692	0.03195400930798	2.23184416780071
315	644	917	701	1172	1706	1951	1501	1310	8822	8413	8659	9767	10345	11756	12945	8619	0.00866136305687727	1.5720913622048
317	265	256	155	161	416	173	136	70	1023	1007	428	626	645	303	204	212	0.00399773120400419	1.93191686553125
318	454	256	701	525	1207	823	1023	1345	2011	1264	1850	1717	2641	1929	2491	2250	0.0110313614189827	1.71442190232339
319	606	807	506	323	1915	1908	2047	956	2914	2773	2911	2245	5785	5143	4653	3366	0.00671742701620209	1.76705159718101
320	3902	6089	4637	4607	2040	2385	3651	1168	6786	8364	8416	7199	6144	5599	6929	4848	0.0239297651239839	-1.66968903337792
321	75	73	155	202	166	173	170	318	4457	4315	5567	6124	4163	4448	4062	5224	0.000959280644830924	1.93113060400869
322	113	256	272	242	457	390	307	460	3788	3378	4471	3415	4017	2768	3888	3712	0.0157523068202924	1.95239392405056
324	416	1614	896	1172	457	563	1023	141	2572	4496	3331	3732	4534	4902	5719	3631	0.0189583457308832	-2.54856531042696
325	189	220	116	80	666	910	511	672	1479	1618	1719	1370	3988	3229	2959	3314	0.00697980776885813	2.15830486357387
326	795	807	272	808	749	780	750	956	2161	1963	1737	1453	1144	1257	1211	1256	0.021374508682258	1.90031314926003
327	416	330	467	242	374	260	853	424	2541	2445	2767	1924	1601	996	1998	1609	0.00175797374636102	1.94774965326646
328	454	330	428	363	541	477	409	460	4413	3205	3727	2655	5819	5421	5688	5415	0.0182547562130262	-1.34646525367403
329	568	770	584	646	707	737	1228	531	2914	2602	2376	2650	1955	2149	2507	1594	0.0111474438853652	1.54826378818354
330	113	403	194	323	208	260	375	177	3444	3668	3359	3592	1577	2150	2234	1361	0.0358055552626328	1.98261596324856
333	1136	1283	1247	1010	1706	2298	3105	1487	12354	10611	13408	9906	11936	9950	14053	10547	0.00315677199641217	1.75935492349456
334	340	256	155	242	208	346	204	212	15498	12839	14170	11548	26020	26688	29253	23605	0.00332270661815207	-1.96788270023981
336	265	476	389	161	624	954	921	1310	3536	3532	4932	4145	5036	5129	5906	6453	0.0236921018231894	2.10889118127339
338	454	440	467	687	624	867	1433	743	14207	14673	16125	14619	12489	10450	13782	11802	0.0131062891261652	2.07840261871287
339	265	73	233	80	166	216	204	177	10608	8152	10165	6218	5947	4425	4762	5710	0.0309395254437597	2.15563210685601
340	2235	2604	2299	2263	957	1778	2935	1133	7164	9171	8611	6943	8474	8759	11117	8393	0.0387571604817452	-1.71396386921651
341	492	366	311	282	624	997	1092	672	2334	2292	2195	2227	3076	3749	4044	3057	0.026828724307652	1.50636251551574
342	265	623	428	687	374	173	375	283	7800	8661	7938	8482	11020	12390	14439	12315	0.0290632226466531	-2.30278403251492
343	303	330	272	323	374	737	546	389	4268	5240	4623	4199	4356	4756	4748	3640	0.0137864330833548	1.67482418344049
344	189	476	272	525	624	1127	546	1097	3642	3558	3409	3780	2825	3684	3818	4408	0.00446458240787328	2.30753893046368
345	719	1137	1013	727	457	390	580	460	3891	5192	4756	4409	4320	3307	3315	3513	0.00886086065816998	-1.48767065246567
347	795	696	857	1414	1706	1734	1296	1734	3717	3433	3310	3875	3951	3987	3990	3771	0.0130494613805647	1.60532829970463
348	1098	1100	1091	1131	749	607	1331	778	4258	3902	3388	4857	4625	3592	5737	3727	0.00699803484401871	-1.42039758896572
350	454	330	779	363	957	997	1160	814	6785	6229	6958	5774	7979	5972	9136	7336	0.0199424093093292	1.79873736408741
351	151	293	194	242	166	260	307	424	891	1410	897	1231	1648	1819	2047	2484	0.00431450093345205	-1.3982678329046
352	795	623	545	202	957	1734	1331	1274	2882	2494	2435	1924	3139	3987	3802	3590	0.0323047617089284	1.74477473136238
353	871	660	857	525	457	650	648	318	4313	3907	5072	3674	3816	4818	5187	4248	0.0045572939173484	-1.51789743862682
354	568	990	701	1131	1040	607	477	743	7193	7798	6945	9053	12540	10468	11111	10776	0.0284213166899521	-1.69762098787492
355	606	476	428	565	541	650	443	601	16383	13625	13827	13159	10612	10164	10563	9405	0.00142137747926249	1.50251158696506
356	2803	2274	1870	1859	1665	997	1808	956	23962	18642	17160	14525	17168	10611	16295	11802	0.0459893722597234	-1.2454095907045
358	378	293	155	161	416	433	443	247	9240	8152	12989	6736	6825	6994	6622	6522	0.0294081114272965	2.08495613898548
360	227	256	77	80	291	303	477	460	2772	2821	2051	1971	2943	2594	2514	3068	0.0407339284675491	2.15746393250929
361	303	440	350	485	208	216	204	354	21649	22010	25051	24251	20816	27105	25596	25291	0.00610064363042603	-1.71191106674822
362	189	183	350	161	416	303	273	460	2525	3396	3615	2887	1936	1715	2551	1539	0.0152226792944943	2.54188656246193
363	568	660	701	1697	1290	1040	853	1133	4059	3773	3985	5321	3730	2344	2972	3013	0.0117737025590429	1.83450633594216
365	227	73	272	121	541	390	477	460	1077	788	974	585	1707	1193	1603	1311	0.0439813579182031	1.70976295950059
368	189	293	350	161	416	173	204	177	1176	1390	1419	1188	874	649	632	548	0.0211102386543649	1.8128132679224
369	644	733	701	889	1915	1951	1501	2407	18401	18342	20041	15600	30398	25678	24617	23376	1.57251899889256e-06	1.81408092419251
370	757	880	545	767	915	390	648	531	11839	12400	9092	12589	15524	15612	17064	12645	0.0358906844379528	-1.60637551124633
371	75	110	77	121	124	260	136	283	1023	696	779	787	747	932	700	1060	0.000120909251342149	1.87739275036153
372	1136	880	740	282	1165	1214	853	1097	19596	18342	17219	14146	15139	14991	14968	15245	0.0305677282097993	1.76738681770753
373	265	220	116	323	124	86	68	106	14733	11005	12989	11150	15612	14456	22752	15174	0.000218421505203582	-3.09111728029239
374	151	183	233	121	83	86	102	70	5612	7974	6319	7132	7569	6195	6825	6437	0.00167783569437186	-2.00246660074328
375	757	403	467	323	832	563	921	1487	3444	2279	2398	1816	2372	1950	2524	2495	0.00571288973168703	1.98344445746989
376	151	440	389	202	416	650	409	601	3988	5368	6836	5613	4429	6570	5184	4458	0.0281514064862995	1.92057139883842
377	2159	1724	1519	1333	1457	1214	2252	1451	65440	57471	56289	47636	91072	63911	80447	72586	0.0413366732098208	-1.43815105446342
378	1326	953	1169	727	457	650	784	566	82876	95378	89929	90942	91593	92932	112138	94421	0.0160879452366944	-1.80705582059421
379	416	733	857	1738	3538	6201	5016	9631	2688	2697	2629	4041	8366	12112	10651	16491	0.00870759586348915	1.76158940490882
380	5304	4475	5962	7719	4538	6375	7030	6479	9338	8573	10840	13985	10856	13799	13867	12630	0.0271137088789416	-1.15614016246119
381	530	880	389	1252	541	650	750	778	12936	13140	11461	21982	27061	23233	27808	25965	0.00411400613549303	-1.83934762794454
382	1022	1650	1091	2505	2872	3339	2252	2620	13284	14739	13812	18291	17623	17857	16205	18986	0.0212482545367915	1.56838508519363
384	757	1687	1363	1535	457	607	1058	354	2785	3341	3506	3233	3392	3035	3177	2511	0.0124739909650736	-2.05894711414841
385	492	770	584	363	249	390	409	141	5661	4938	5845	5774	8058	7228	8532	8852	0.000322420313393388	-2.80908468970685
387	378	146	77	161	208	173	273	247	1023	917	820	850	644	282	529	619	0.0407177549042288	2.26685278832492
389	189	73	233	121	249	303	273	247	1288	1033	1230	970	1350	911	1022	1096	0.0410080259203718	1.89153321148313
394	340	256	233	161	582	693	887	318	1948	1758	2145	2099	2762	2275	2881	1896	0.0077350865670458	1.95722469377968
395	530	220	350	565	749	650	1058	956	5583	4585	5010	4420	5995	5004	5657	5085	0.0109869073992644	1.89966824857162
396	644	990	545	525	666	910	750	743	26836	26769	23720	21893	47580	50596	44167	41309	0.00427119534618718	-1.58611856029038
397	113	110	77	202	416	303	170	141	511	769	389	505	791	542	461	371	0.039174671194954	1.93937808727354
398	757	807	662	929	374	390	477	460	9970	6897	8603	6411	8145	7506	8238	7801	0.00438553753988196	-1.8533585640944
399	719	807	506	727	624	346	716	389	5805	3861	5222	3730	8439	6938	7465	5813	0.0364508385404814	-2.02922792185378
400	151	293	233	242	291	520	546	389	3524	4076	3438	5052	4483	4863	5688	3573	0.00394952302161045	1.63730662994295
401	492	330	233	202	1040	607	546	814	6655	5595	5845	4699	10204	7495	8150	8143	0.00596098823301914	1.63547315752844
402	568	183	155	363	374	693	580	495	17759	15285	14170	12991	12920	11760	13186	10547	0.0498521669436569	2.15042741489501
403	340	256	116	202	499	477	307	141	1608	1264	1113	931	1395	975	990	566	0.0146427585788376	1.90131438417469
404	7236	6456	6780	5901	5911	4336	7269	4001	12830	10671	11396	9396	11479	8886	12753	7235	0.0137344995803259	-1.12557608367958
407	757	1430	1130	1778	541	563	580	247	6705	6562	5067	6008	6150	4176	6172	4957	0.0290604682136566	-2.19199694703856
409	303	183	194	202	333	650	682	495	2119	3006	2347	2928	2798	3804	3074	2915	0.0427573465720564	1.90523768480795
410	189	330	233	242	166	86	102	70	3382	2974	2657	3233	2775	1770	2925	2145	0.0279737685462925	-1.82668343430653
411	947	403	740	1091	1748	910	1467	1203	13340	12228	14518	13472	11657	11243	11555	12540	0.00727763882773475	1.94697969214879
415	265	256	350	282	457	823	614	849	3234	2985	2851	2916	3723	3097	3839	3482	0.0126595087791018	1.93985083959798
416	1704	1760	2377	1899	1040	1127	2013	1274	6712	7128	8429	9177	6802	6299	8754	8016	0.00283393661291736	-1.37950885132713
418	9016	9354	7599	10064	8035	7719	8464	8214	17373	16325	14841	16607	18056	15658	16827	17330	0.0179481899441363	-1.15237379724564
420	871	550	545	646	499	607	580	424	20264	20380	22732	19596	38430	26398	27628	28326	0.0479768993472919	-1.7237316086514
424	530	440	584	687	957	1951	1228	1416	5959	7216	6423	7720	8326	11686	12410	10569	0.0483152725741774	1.53366588457623
425	265	403	545	404	1082	693	443	1026	2706	2401	2997	2083	3865	2168	2478	2959	0.0307409322752159	1.72615105622288
428	113	73	116	80	249	130	409	212	719	883	759	668	935	670	904	813	0.000755115908745751	2.24745074536042
429	1401	696	662	1050	291	737	511	566	46726	33190	44165	26272	58286	46078	63992	56652	0.0152621035531053	-2.56673478774724
430	265	550	584	323	166	130	204	177	4080	2684	3092	3050	4382	3423	3592	3471	0.00477887628710825	-2.7174883438794
431	416	183	233	202	791	693	546	495	2104	1746	1579	1643	2519	3320	2384	2516	0.000233135976566551	1.66467107992198
434	681	330	311	444	1332	650	1092	1026	2426	2201	2064	2442	4411	2623	3445	3628	0.0154008920356167	1.54010860662537
435	227	256	467	161	124	130	102	141	75772	51357	66805	40418	62449	43368	51193	70816	0.00719925625007762	-2.02167341287837
436	2652	2164	3351	4648	4995	6071	5972	2549	10523	7785	10845	9025	9570	8981	9648	5847	0.0480381302789139	1.67260370033193
438	151	330	194	282	624	563	784	566	1968	1834	1929	1937	3304	3064	2973	2861	0.0389123879490665	1.69386060264667
440	303	366	233	282	83	216	307	177	5942	5822	7085	4352	6938	6195	8532	6809	0.0477639848003349	-1.94334586883868
442	492	476	740	363	666	477	614	424	61565	68127	61701	60628	41633	43368	47255	35408	0.0132842894498553	1.60179540979937
443	416	586	194	525	999	1561	1092	885	8014	7722	6494	10302	13322	16434	13651	11647	0.0181437746896059	1.6182602009968
445	568	366	194	404	791	346	716	354	13216	11833	10824	12248	41633	24781	37721	27236	0.0261524570324622	-1.82273339916533
446	2386	1100	1363	2101	3247	3642	3651	3611	9547	8665	8856	8721	11639	12561	14320	11393	0.0237680772639661	1.52334501320279
449	151	183	77	121	374	390	307	672	1156	1637	1129	1393	2270	2551	2670	3800	0.00605416636618274	1.55117651190456
450	189	513	311	646	874	1301	750	495	11143	13880	10750	13759	11814	14297	12514	12090	0.0483850613292616	1.9858972445454
452	568	403	389	202	582	346	443	424	11143	8585	11808	9186	25341	16521	26098	24993	0.00277692079156696	-1.87827141194093
453	303	256	311	242	166	346	307	141	10103	11164	10391	14265	13877	18260	18068	17704	0.00734835549468696	-1.81117809333318
454	719	696	857	687	749	737	1399	1310	8274	8712	11744	9412	6631	8191	9027	7318	0.0256667307557885	1.6429648690285
455	151	366	389	363	124	346	204	141	2658	2565	3976	1855	6244	5178	6605	5058	0.0016147236872687	-3.25638319016028
456	340	586	545	889	541	737	887	956	2384	3452	2302	3381	2164	2559	2557	2426	0.000120758473681974	1.58383676337487
457	1250	1320	1208	1172	2081	2992	2457	1912	8804	9433	7457	5503	9548	8598	10730	7933	0.0244810543585162	1.55914371072037
458	303	403	389	323	291	346	341	141	9777	9607	12989	6598	18214	11191	14220	14163	0.0437916559132337	-1.91693698933293
460	454	366	545	525	957	303	853	885	2331	1940	2549	2526	2875	1541	2437	2263	0.0132774828677684	1.53208226137232
461	265	366	116	202	457	390	307	460	9822	9171	8350	6519	11742	6505	7491	8852	0.00865901848915425	1.77875753578688
462	530	586	818	606	624	997	887	956	3315	3057	3099	3093	2623	2256	2987	2390	0.0147923223714556	1.65961460521668
464	265	183	116	282	374	520	238	672	15600	12228	16701	15718	13382	13344	14053	15289	0.000494813139183097	2.23220465184239
465	2348	2017	1831	1778	2456	2688	2320	2655	3222	2954	2689	2706	3994	4572	4093	3928	0.0382473353562865	-1.12587460728715
469	1780	770	1480	1050	749	954	1228	601	6546	4097	5288	3562	5592	4867	5878	3307	0.0452286948496752	-1.42541680095332
470	265	183	311	242	582	433	648	247	1119	1319	1267	1212	1517	1191	1400	1131	0.0176510580068895	1.70341105191747
471	227	256	194	202	582	693	307	495	6314	4668	4871	3368	7195	6938	6022	5697	0.00584892722779629	1.66131058247986
473	378	586	623	767	333	867	648	283	1745	2016	2203	2121	2947	3614	3102	2750	0.0314528463561828	-1.77896456897911
476	189	330	233	161	374	520	546	247	3006	2559	2361	2607	2620	1758	2716	1770	5.43747565515024e-06	2.21004431669916
477	378	403	350	242	624	260	546	495	6765	6508	7306	4490	5292	4646	6205	4348	0.0357367841852076	1.62860904608275
478	492	476	311	525	874	910	341	495	3731	4111	4653	5254	12670	12143	12640	8696	0.000918420836020693	-1.87414030289727
479	303	476	467	646	582	997	887	708	2832	2838	2783	3036	2973	3358	3157	3147	0.0121192884259844	1.53740360541504
480	5607	5649	7131	4567	4204	4336	6552	5346	14992	15024	17267	14228	14600	17558	18510	18892	0.00952127723359235	-1.27071054469722
483	644	807	1052	1010	1498	2818	2866	1097	6572	4559	6415	4374	6092	6010	6205	4611	0.0168381191260922	2.0351981826814
484	227	146	350	161	582	780	716	354	4133	2717	2851	2413	4981	4565	5308	3340	0.0243633359334047	1.81308583458915
485	151	586	428	565	1790	1431	1433	2407	644	1210	1071	970	2978	2385	2286	3540	0.0332715893361027	1.53094318434446
488	416	330	155	202	166	86	307	106	3858	3085	2834	3425	4061	4336	5119	3662	0.0461908708106069	-2.11376973487399
492	833	366	584	970	582	563	1092	1310	5209	7336	5904	8981	3938	3758	5460	6359	0.0377541874234603	1.76316518445227
493	113	146	155	282	416	390	341	743	1833	1930	1751	1616	2602	2065	2306	3364	0.0077757352820203	1.88975214280169
495	113	73	233	80	291	346	307	212	874	1222	954	951	1414	1451	1243	742	0.0389586889969763	2.04376153981123
496	530	513	194	202	291	173	238	141	2979	3131	2292	2846	4285	3771	4507	3218	0.00554867000085755	-2.19035639136137
497	227	440	155	485	666	130	204	495	2738	2316	2078	2462	1249	739	715	1009	0.0272512277568646	2.46806770438468
498	303	733	701	1212	124	477	511	424	1023	2164	2106	2846	1665	1538	2265	2072	0.0388305604467817	-1.84189517903779
503	113	256	155	363	83	303	136	283	549	1211	1053	1352	1081	1668	1606	2113	0.0111752991025418	-1.77361885412175
508	113	220	116	121	208	130	136	70	3666	4152	4871	4330	1794	1913	1664	1686	0.0208262030731347	2.14317482926235
509	113	110	77	80	249	346	170	247	1196	1170	1199	1525	1746	1148	1483	1347	0.00569143455109287	2.29989188136782
511	151	293	350	161	374	1214	1023	708	4095	4020	3731	4369	5132	5494	5656	5576	0.00103044607312764	2.48468221306758
517	416	1210	311	970	208	910	341	177	1270	2440	1640	1879	2238	3076	2774	2082	0.0130482849734567	-2.55118882871928
519	378	256	272	282	832	1214	716	637	4857	4279	4785	4963	7639	7019	8431	6780	0.0101612238755994	1.76093881991159
520	1288	2237	1441	2101	3497	3426	2730	3222	11201	8915	10083	7961	11173	10706	11144	10006	0.0255915255177342	1.62185589025652
521	189	440	350	242	582	823	614	318	1271	1283	1188	888	1394	1691	1399	1062	0.0381312217315578	1.57876985717757
523	227	256	116	80	249	303	341	177	9092	6584	6494	5389	6573	6899	7261	5532	0.0180534222456878	1.73004799764236
525	265	146	116	161	208	650	375	814	3683	2717	2487	2887	3252	3895	3508	4176	0.035414018382595	2.06507925183783
526	1629	2311	1831	1899	582	2341	1194	778	5522	5941	6381	4986	4483	7118	5688	4899	0.0171066421277547	-1.69977543823359
527	719	476	623	646	499	260	307	354	14396	13247	14845	9798	13502	11827	13354	10116	0.000901793663914699	-1.65282503118579
529	151	293	155	121	166	563	716	637	2047	1686	1640	1894	1699	1734	2714	2213	0.012467264381431	2.28153309556375
530	833	807	935	687	541	867	853	1239	10042	9607	9844	7388	14627	13344	17412	14082	0.0313756262856199	-1.54538360323147
531	2235	1760	2143	2020	1373	867	2116	1274	3316	2768	3626	2687	2352	2080	3586	2409	0.0393799637359933	-1.25474354077156
532	8448	7336	8417	7639	7452	7676	10887	8179	20309	16712	20630	15590	27601	20579	27218	22286	0.0309960813999093	-1.25182750959246
534	303	330	311	444	208	303	477	283	30309	23582	28341	22230	52041	43368	47780	35408	0.0124704540161592	-1.88996959586381
541	9509	7556	6507	8851	7493	6852	8600	9135	16920	14312	13614	15639	17716	16551	20141	17203	0.0124045507327379	-1.19190065186761
543	265	330	467	444	666	607	989	637	1532	1701	1848	1355	2141	1780	2133	1985	0.022240714432823	1.53271015601667
545	454	256	467	323	582	693	477	424	5051	2422	3682	3021	3885	2668	2437	3399	0.0132394315071614	1.63598199515166
546	340	256	272	323	499	346	511	424	4802	8559	6199	11150	5877	6802	6648	4883	0.0150911918591047	1.78395754016222
548	151	256	116	242	333	607	443	212	2971	2355	2851	2474	2622	2710	2083	2309	0.0425193641195273	2.10380729469623
550	378	586	506	606	1124	910	1228	1203	6532	6178	6665	4736	9213	8059	8903	7920	0.0210514530421992	1.51471535501642
553	492	330	155	404	208	346	170	354	2914	2276	2259	2768	3717	4180	4490	3505	0.00531179930870006	-1.90771180639483
555	189	183	116	80	541	260	170	177	1661	1410	1343	1684	2209	1193	1145	1594	0.00033477837669928	1.94368807561045
557	227	220	233	323	582	303	853	389	851	679	798	626	1040	803	1074	566	0.0235333420358287	1.70521572280774
558	1780	1870	1285	1576	1290	2949	1842	1734	12903	12727	11482	12219	8066	10134	9908	9585	0.00902073010355212	1.51600270593513
559	113	73	350	242	208	260	477	212	3157	2934	3985	2664	2478	1794	3250	2260	0.0480634544296471	2.05934162706965
560	113	146	155	363	208	390	375	495	1369	1686	1513	2508	1734	2584	2234	2284	0.000131076381726105	1.57197723864308
561	340	403	389	404	416	216	307	212	4108	4692	4932	4755	4677	4928	6143	4426	0.0366584551475164	-1.48865310099249
562	113	110	77	121	124	173	102	70	3071	3439	2514	2526	2153	2065	2178	1445	0.0394435971296766	1.58272891913814
563	606	293	662	323	416	303	307	354	2331	2038	2905	1879	977	1190	1195	1079	0.00721899386120182	1.56976630612675
564	454	550	701	282	416	910	887	778	2554	2684	2761	1924	2325	2254	2437	2088	0.0343975496228775	1.61793763069037
565	416	660	350	727	749	1170	921	1310	5708	4315	4384	4436	5132	5471	5147	4943	0.00187061963655014	1.77107672463202
567	113	183	506	323	707	520	989	318	3551	3275	3311	3592	3846	3043	4340	3124	0.0389811416675244	2.17355025682912
568	416	146	116	161	208	173	273	283	3931	3965	3340	4041	2338	2224	1728	1696	0.0450208369880518	2.20571819001542
571	17389	16471	15042	15399	11657	18474	16313	10409	29474	28204	26251	26922	27428	31635	31615	22581	0.0440684407211247	-1.1752228417695
574	606	476	857	323	624	867	648	460	5665	5183	6037	4490	3927	4015	4411	3712	0.0269952980826333	1.56338635181782
577	75	183	77	242	208	216	477	424	1222	1085	974	1434	1101	1426	1999	1485	0.0461540753497697	1.86091230760309
580	265	880	350	646	333	130	307	141	5200	3778	4175	4172	6284	5913	8083	5901	0.0132892220181072	-2.83513444382572
583	606	586	779	767	166	390	682	495	1383	1561	1462	1333	603	1279	1569	1347	0.00392835906488729	-1.38182659355747
584	113	293	155	404	333	260	170	106	2273	2466	2135	2420	5742	6505	5018	4085	0.0479148565169098	-2.21421572783669
586	227	403	311	242	541	607	477	247	8118	7472	6235	8362	5306	4464	7963	4589	0.0139706509637297	2.0713481993068
591	340	330	155	323	291	520	546	637	5779	4232	3996	3804	4857	3854	4368	4111	0.0330747438319284	1.75483149614822
593	113	146	116	202	666	216	477	566	6314	4891	5314	4124	10920	6776	8687	8992	0.0453284246105278	1.7991952745471
594	75	293	311	80	249	433	614	318	3988	4446	4796	3514	4995	4565	6535	3540	0.014945567570211	2.07846521270103
595	947	660	545	404	1248	780	819	814	5232	3930	4229	2391	9050	5656	6112	6169	0.0390926256748558	-1.18527834934155
596	265	366	818	687	749	390	819	531	5304	5394	6994	5245	4306	3364	3976	4085	0.0434452186273039	1.74784671764217
597	75	256	194	242	83	303	136	106	1429	1373	1597	1393	2686	2947	2730	3319	0.00915040713831509	-2.43985873711526
598	113	183	233	323	291	433	204	354	3666	4826	3833	4899	12143	12046	10238	11421	0.0455804371012204	-1.68742204789146
599	151	366	233	121	374	346	477	354	1942	2717	2033	2204	2531	2551	2730	2950	0.0257887655782161	1.56646093203058
600	454	366	350	404	374	737	511	672	6227	5316	5395	4082	4803	4787	4570	3737	0.0143268776557881	1.64218357636717
604	75	110	77	282	291	303	546	389	1848	1642	1590	1924	2802	2215	2951	2667	0.0287365934432817	2.01988040051721
608	795	770	1091	1374	1457	2471	1979	1487	2558	2385	3649	3074	6419	8494	7672	5507	0.0198448740697172	-1.30474119991371
609	151	183	155	80	208	173	273	177	16838	12228	11990	10104	14869	9637	10921	11802	0.00493642207191808	1.60689691556608
610	75	146	272	161	416	260	682	177	3988	4076	4785	3514	4476	3564	5093	4023	0.0400041560310106	2.06779128788539
611	189	256	233	202	582	346	204	177	2492	3470	2687	3313	2958	2017	2155	2034	0.0245930841445752	1.73059903949556
612	1742	2237	1753	1414	2248	1517	1979	1345	6246	8349	7725	6579	9817	7988	9164	7961	0.0120681859353059	-1.22999671682553
619	113	110	77	161	249	693	546	354	8743	7860	7793	10778	13877	16521	17064	22130	0.0369601269544475	1.88620623179174
620	113	110	272	80	249	173	511	601	3788	3550	4471	4041	3620	3212	4612	3218	0.0162888483233461	2.63063092022151
625	189	476	155	323	166	173	102	70	8236	8222	8659	6736	9796	9637	8532	5447	0.0159911989404241	-2.15320141987901
629	227	146	233	444	374	173	580	601	8419	7722	7542	7800	6573	4818	6746	6542	0.00112623421625349	2.04709069154153
631	492	917	233	929	374	390	204	318	9471	8115	7306	9486	10127	11479	11376	9656	0.0068393719211539	-2.18756052591663
632	113	110	233	80	208	86	477	354	1082	403	702	464	708	281	699	495	0.0176479218025065	2.20235857479078
634	568	733	428	970	208	780	580	637	5798	6731	6037	6510	8673	9881	9357	8067	0.0443622874870655	-1.80592157048861
637	909	880	467	808	291	433	580	495	4501	4891	3653	3354	2802	3120	4604	3198	0.0330062788285098	-1.40587189928411
641	303	256	389	282	249	823	716	531	3092	2377	3542	2887	2775	3363	3916	3034	0.0395792172315332	1.56526522897544
642	189	183	77	121	374	86	136	141	15785	15285	15587	15157	46837	28912	45505	28326	0.0174148444525225	-1.94761626558907
643	2879	2017	2494	2505	2581	2255	3822	3080	8778	8441	8019	6922	10800	11164	14105	11624	0.00286103073851365	-1.26292483620232
644	265	366	311	565	582	563	614	743	2652	2382	2164	2103	2534	2273	2437	2939	0.0381238229945358	1.55171517473734
645	151	73	77	363	208	216	341	212	4209	3668	2997	3306	2061	2190	3922	2387	0.0408870225904368	2.25837446519731
648	568	440	389	727	915	390	1023	849	6930	6473	5995	5052	5419	4242	4356	5245	0.0393301316711992	1.78631002598696
652	151	256	194	404	249	563	102	177	907	807	740	1171	499	780	357	406	0.040257767669642	1.72009205173264
660	189	330	272	646	832	737	955	920	2177	1775	1830	2468	3469	3320	3619	3028	0.0391112922918699	1.58964654887628
664	151	256	194	323	374	260	511	495	10103	8024	7793	9238	10408	8673	10665	8546	0.0350707921053305	1.61667727266342
665	530	513	779	525	249	477	989	495	3815	4012	5094	4203	1936	2129	2936	2253	0.0351863289338332	1.57126826283995
667	2917	1687	1948	1050	1915	1214	1194	1239	22791	17577	16943	15012	22530	15371	20595	17960	0.0455362668748833	-1.3793995832536
668	227	293	155	444	124	216	170	141	22731	24456	19484	17100	31224	30977	34129	28326	0.0113058053440547	-2.35678003716597
669	265	146	272	202	208	86	136	247	8554	4891	7178	4124	9912	7885	8532	6522	0.0105429669649911	-1.83675969714219
670	113	183	77	404	166	650	409	601	3551	3396	3247	3545	3398	2878	3250	2839	0.0089552703700616	2.66384038007131
672	151	256	155	161	124	260	170	177	5412	6584	6777	6218	8921	10842	9480	7376	0.0232600855166357	-1.44734510076204
673	378	586	155	202	582	346	443	283	8060	8384	5995	7484	5251	4034	6524	5901	0.00776653636964377	1.88958373406269
676	265	73	116	161	457	260	375	212	1457	1358	1719	1554	2062	1845	1519	1562	0.0309855203945574	1.91009858560222
678	340	256	272	282	333	216	307	460	22731	17119	19484	18862	30278	24093	34129	28769	0.0445217606375189	-1.33727292545593
679	265	256	545	202	166	86	204	141	4347	3668	5005	5052	4500	3942	3863	3934	0.0205877456784743	-1.83174566416413
680	757	1027	662	1293	1082	867	819	743	34442	30210	34867	28117	60136	48187	54606	41309	0.0210480067271261	-1.63637682253248
682	454	256	506	282	1582	477	887	885	2627	2791	2980	2281	5054	3432	4307	3598	0.00488942092422997	1.59779194586043
683	606	1320	2026	2344	124	1040	648	424	9471	9855	11513	9647	8326	8746	8421	10622	0.0166647094272981	-2.60744962213668
688	265	256	116	80	124	130	68	70	14733	13515	16701	16167	20816	21684	22752	23605	0.00101915204684884	-2.51760152176493
690	75	183	155	202	457	693	443	247	984	1085	1075	990	2267	1344	1365	1220	0.0219700241233429	2.00017438439459
701	454	623	428	485	416	477	341	212	2823	2860	2916	2449	3620	2621	2993	1713	0.00265688154581694	-1.35069813673747
705	644	403	662	404	457	346	682	424	2477	2359	2771	2826	3881	3504	3689	3056	0.0359218733822855	-1.49060611090191
708	265	366	155	404	83	216	204	283	29467	26202	22268	21273	41633	36140	29253	31473	0.0317135361077584	-2.0696344770525
711	113	146	155	161	291	216	136	354	963	1612	1900	2377	1355	1902	1467	1646	0.0436998429853789	1.67305308148355
713	568	293	233	242	666	433	238	177	5261	6379	4329	3975	3314	2319	2413	2565	0.0272595996955783	1.93586569061494
714	151	183	311	121	124	86	102	106	3224	3596	2969	2090	3469	2990	2133	3124	0.00271781823133448	-1.7186067906343
721	265	220	272	323	208	173	204	283	29467	27513	27278	20209	41633	28912	29253	31473	0.00127730711698254	-1.58418844125485
732	719	1393	1519	808	999	997	1296	1062	9727	10325	9267	8420	15612	13124	14096	15174	0.00777285238262947	-1.4946563112744
738	75	220	233	404	249	390	238	318	3294	2934	3388	3886	2904	2673	2810	2069	0.0252330673095376	1.85257901770196
739	14775	13463	13405	12085	11032	8196	13105	9985	16944	15229	14978	13413	12903	9220	15186	11503	0.044233837316967	-1.02291757955011
748	151	330	233	161	249	520	546	424	10103	8253	9352	8083	11895	9130	10112	9442	0.00438143282433948	1.76008053277391
749	113	256	194	444	83	173	170	283	12628	12839	10824	12350	20816	19274	18960	20233	4.24981598533262e-05	-2.29703080119648
750	1212	1137	1558	929	624	477	1433	601	1724	1669	1831	1252	1103	801	1859	1133	0.00854166752581029	-1.21252043636401
757	265	440	272	242	499	867	238	672	3632	3827	3637	3464	3843	3837	3412	3676	0.0348276849750197	1.68592752209508
759	416	440	584	767	499	260	819	424	5412	4733	4602	4084	2686	1885	3329	2441	0.0472809256069926	1.56991700952872
764	75	183	116	80	166	260	375	212	2164	1852	1558	1837	2191	2132	2248	2499	0.00487379990294226	1.82476260288868
765	189	220	116	282	249	216	170	247	18943	20009	29227	20209	41633	43368	42661	35408	0.0216548114912155	-1.64238682414604
774	492	330	389	242	333	216	204	177	6080	5792	5567	5159	5551	4336	5534	5058	0.014212146519904	-1.40558884116441
779	454	550	272	282	1373	693	784	849	5982	5916	4703	4963	7941	8068	7928	9040	0.0413301762575048	1.54476165210025
794	75	183	116	161	83	303	273	247	1804	2084	1719	2214	1699	1775	2416	1432	0.0068319640285985	1.77116646911085
800	227	146	311	161	249	130	204	106	9883	6987	7603	5774	9991	9293	9751	8852	0.0468622019396605	-1.55609878607671
802	303	183	116	323	124	346	136	283	3157	3275	2783	3368	1314	1584	1820	1573	0.0444660001327928	1.83790118044632
803	189	146	77	121	166	346	68	283	662	606	369	485	437	412	307	513	0.0442508626155801	1.78963275353062
809	416	513	662	687	124	520	716	389	9922	9510	10037	8179	10408	11072	12798	11802	0.0470428499945206	-1.80005757890157
812	1212	1467	818	1778	1207	1170	1331	1310	75772	63798	62950	55575	109760	78062	102387	100776	0.0425560952032089	-1.51618163203801
817	227	440	311	404	166	563	204	106	1589	1849	1535	1110	3142	2193	2275	2655	0.0382512424958188	-2.36034030897127
823	113	256	428	363	124	390	238	247	7103	8559	7520	9094	13877	13939	14931	12392	0.0281962159974922	-1.87103024258649
824	151	256	194	485	166	520	682	460	6588	5971	4996	5706	5551	4003	5374	4603	0.0323873163258439	1.91416995053556
825	16177	10821	13444	14308	10991	8456	14027	15473	36030	26987	30906	27253	32327	21628	34464	35817	0.0369521294687789	-1.15146229771543
852	378	770	974	1131	374	693	921	318	3608	3131	4329	3999	5764	4921	4584	2950	0.0176435517687046	-1.67497833802278
853	303	110	311	161	333	173	204	141	7771	5502	7422	5052	3660	3469	4356	3827	0.042337233228915	1.62982456170071
858	113	220	77	80	208	346	136	141	9471	8465	8659	7348	8006	8260	8532	6437	0.000299625761859009	1.8493351460409
864	113	146	350	242	166	433	511	318	6685	6379	7462	6381	6938	5354	7528	6248	0.0329080520039982	1.73318444574102
873	303	953	818	1091	208	346	546	424	6888	5545	5845	4786	5077	3942	5809	5245	0.0263107697402248	-1.70587349217024
877	606	660	584	646	915	433	682	318	8419	9433	11461	9798	5387	4984	7584	4552	0.0392553884023117	1.5186094595752
880	795	990	467	565	832	737	511	743	15011	11933	15085	12860	23129	18904	24377	21869	0.00551146404813604	-1.56124262423897
883	189	366	116	323	124	86	102	283	1176	1522	1072	748	1864	1188	1528	1416	0.0014510055286251	-2.29408767668644
886	606	696	467	808	541	303	375	991	12897	13150	12638	15850	16400	13799	17877	18359	0.0493575570500475	-1.52386390331667
893	75	110	116	323	166	216	409	247	2047	2445	1948	3633	2686	3054	3056	2478	0.014507483945098	1.58901407574022
894	606	917	779	889	749	737	1228	920	10824	10190	9992	9073	14411	12086	17552	13151	0.0215471398236888	-1.25486956236856
899	189	110	194	80	124	86	68	70	1691	1965	2498	1879	2153	1885	2007	1646	0.0465787776563175	-1.53442510783536
902	530	256	194	363	208	216	136	247	10200	8283	8118	8083	9462	7228	8030	7510	0.0465446007326982	-1.46679424993892
911	265	403	194	485	249	303	170	212	5100	5240	5266	5774	4995	6195	6094	5058	0.0277253689088208	-1.4423007197474
916	113	293	77	121	374	477	511	283	1994	1630	1470	1924	2927	2497	3029	2647	0.0248467980029732	1.849333885591
917	151	110	77	161	791	216	341	849	1994	1930	1771	1816	4913	4015	4015	5554	0.0282232118794333	1.60757646149156
925	2765	2311	2377	1414	2206	1040	1604	1416	61460	59258	69916	58944	61293	47310	64162	64378	0.0201057551023297	-1.34354787282298
926	416	696	350	565	457	910	750	354	4481	4052	3277	3450	3202	2819	3322	2329	0.0390975763213583	1.52979890515477
942	416	476	272	121	707	1691	784	637	5021	4456	3842	4041	8229	8290	7621	6310	0.0425762335198193	1.71916393942241
944	113	73	233	80	624	216	204	177	3666	3668	4175	4254	3061	4091	3592	3105	0.0239872495368133	2.47468569310402
947	189	403	350	282	291	780	819	495	5261	4747	4804	4100	6071	5959	6449	5110	0.000701304871404322	1.52148231282982
951	227	586	194	444	166	346	136	389	3201	3353	4235	3528	5372	5595	5250	4280	0.00444496785290296	-1.9756398651402
955	1060	1834	1987	1293	416	1214	1535	495	5554	6324	5845	5389	4042	5544	5504	3727	0.00682404286772115	-1.51307082763754
959	454	843	584	202	249	563	477	141	45463	44407	44964	40418	49959	56378	59726	47210	9.24640260895237e-05	-1.80413173077169
962	416	110	311	161	499	216	375	212	5708	6473	6235	5389	4758	4818	4365	4085	0.00301578496543702	1.8000132770526
963	530	330	545	242	249	130	238	141	5828	6349	6270	8362	4713	4486	5083	4883	0.0170174326697311	-1.55195258551989
977	416	623	545	1172	374	563	443	778	4386	5518	5866	4614	10127	5637	7394	7868	0.017568748245262	-1.81269319230685
988	265	220	77	282	249	86	68	141	26520	18342	19484	13472	27755	17347	22752	20233	0.0340210006063563	-1.77633478812464
1022	303	146	467	404	249	173	477	389	23314	18342	22268	20209	27755	28912	39817	27820	0.000976788311847757	-1.50900315068962
1036	2045	2898	2455	2950	1748	2949	2627	3009	6034	6383	6546	7196	7948	7843	7684	7962	0.0358815759779011	-1.21753637402779
1052	75	183	77	242	166	563	136	283	15154	16674	15587	20209	41633	70473	68258	47210	0.0118863771101316	-1.68249597277428
1065	189	110	116	242	166	130	307	354	15785	13756	10628	11023	11895	10842	11376	10414	0.017312026032647	1.59837355304829
1072	227	330	311	404	208	260	443	283	4639	5595	4453	5774	5478	7434	5995	6437	0.0481894153482275	-1.33848170237221
1076	454	586	350	565	416	346	238	389	5225	5194	5157	4795	4898	4505	4266	4280	0.0228155626464554	-1.24140018054574
1085	1439	917	896	767	1124	823	853	1310	3050	2770	3307	1959	3889	3040	3661	3438	0.0491508395108673	-1.2424964635999
1094	189	73	77	242	291	260	170	318	10523	9171	7793	6928	11208	9293	8981	8612	0.0433710750107726	1.73604762198384
1153	1742	1907	1870	1657	791	737	1262	1664	9846	8997	8388	6655	5816	5461	8146	6351	0.0419822288122664	-1.2889521875342
1156	1704	586	1285	1010	707	563	1228	1203	2804	1264	1891	1393	1518	1345	1893	2176	0.0194542457595115	-1.1883347890289
1161	454	550	233	242	499	737	443	318	10332	12228	11134	11548	20816	21684	24648	22762	0.00849790726194839	-1.43436728649978
1167	113	256	233	202	166	390	204	177	5682	5971	5995	6968	10408	10008	11376	8430	0.0399339394446128	-1.41604743866968
1181	189	330	311	242	208	260	409	212	63143	55026	51959	48502	69388	65052	81909	53112	0.0340237989847911	-1.23180420338507
1188	113	220	194	323	208	477	204	247	1005	1170	1188	1816	2739	2385	2275	2065	0.0431921196667216	-1.37858857918362
1239	681	843	1480	1414	1373	1344	1672	1947	3646	3388	4584	4448	7426	5845	7177	7404	0.0496491608866808	-1.16618701877021
1247	75	330	77	161	208	563	409	318	3988	4126	3542	3759	6308	5752	6300	5690	0.0282507758885277	1.66436017681828
1291	1970	2201	1597	2425	1207	1908	2218	2124	6314	5777	4604	4690	5513	5547	6430	5351	0.0426533641398128	-1.19766940786934
1361	416	256	389	485	457	346	443	460	7311	7336	6958	7132	9540	9376	9439	8524	0.047323928581973	-1.15029902867136
1403	265	440	350	363	291	520	443	460	3083	2684	2718	3531	3938	4097	4392	4342	0.0440434956266863	-1.16884757098032
1768	227	293	194	404	333	607	477	601	1926	1358	1343	1820	3469	2976	3250	3168	0.0493092142785067	-1.10924487241006
